w_word,stem.x,affix,whl_word_len,afx_len,stem_len,transp,afx_onset,stem_frq,stem_orth,stem_orth_f,stem_n1_f,stem_n1_c,stem_n2_f,stem_n2_c,stem_n3_f,stem_n3_c,stem_un1_f,stem_un1_c,stem_un2_f,stem_un2_c,stem_un3_f,stem_un3_c,stem_freq_hal,stem_log_freq_hal,stem_ortho_n,stem_old,stem_oldf,stem_bg_sum,stem_bg_mean,stem_nmorph,stem_old_vwr,stem_logfrq,whl_word_freq,whl_word_logfrq,whl_word_orth,whl_word_orth_f,whl_word_n1_f,whl_word_n1_c,whl_word_n2_f,whl_word_n2_c,whl_word_n3_f,whl_word_n3_c,whl_word_un1_f,whl_word_un1_c,whl_word_un2_f,whl_word_un2_c,whl_word_un3_f,whl_word_un3_c,whl_word_freq_hal,whl_word_log_freq_hal,whl_word_ortho_n,whl_word_old,whl_word_oldf,whl_word_bg_sum,whl_word_bg_mean,whl_word_nmorph,whl_word_old_vwr,rel_frq,prime.x,trigger,rel,relatedness.x,afx_frq,med_splt,r1_splt,r1.5_splt,prime.y,list,stem.y,relatedness.y
random,ran,dom,6,3,3,opaque,consonant,116.606,20,170.11,12411.13,77.33,1700.63,10,116.61,1,303799.49,40044,40590.41,5430,2426,771,30986,10.341,27,1,9.713,13327,6663.5,1,1,2.070429479,18.2643,1.284753233,1,1.61,4654.65,504.67,788.89,72,184.17,11.75,250609.4,31562,30719.94,3286.8,9065.51,455,22335,10.014,1,2.45,7.542,20051,4010.2,1,2.35,1.61153864,random,6,related,related,low,low,high,high,random,B,ran,related
dumpling,dump,ling,8,4,4,opaque,consonant,7.67457,9,12.27,5444.27,150.25,203.66,21.67,48.19,5,116403.31,17659,4308.27,1083,255.97,115.5,10072,9.218,9,1.5,7.58,3705,1235,1,1.45,0.938247956,0.356957,0.132566086,2,0.24,4378.05,1137.88,1775.79,462.86,960,252.33,163976.3,25494.62,22489.74,4327.71,5965.24,1479.17,105,4.654,2,2.4,6.088,34220,4888.57,2,1.8,7.077586563,dumpling,5,related,related,low,high,high,high,dumpling,B,dump,related
kindling,kind,ling,8,4,4,opaque,consonant,409.846,8,131.19,11791.1,184.25,1880.07,34,934.6,5,197423.34,28384.75,43372.98,5520.67,3638.64,520,131849,11.789,9,1.45,8.5,19027,6342.33,1,1.4,2.613679063,0.951884,0.290454004,0,0,4109.04,1132.75,1793,481,956.85,258.67,204486.31,30857.5,38253.91,6147.57,6768.41,1581.33,120,4.787,0,NA,NA,48867,6981,2,2,8.998598807,kindling,4,related,related,low,high,high,high,kindling,B,kind,related
breadth,bread,th,7,2,5,opaque,consonant,76.9836,6,30.17,9094.44,344.6,1289.31,45,509.44,9.33,275736.55,35298.4,25638.01,3138.25,3677.07,420.33,9063,9.112,6,1.55,8.268,14625,3656.25,1,1.5,1.89200328,4.40246,0.73259156,0,0,3897.93,548,589.77,66.5,107.29,11.8,287939.37,32444.43,38180.3,2425.33,2210.6,256.4,1090,6.994,0,2.45,7.652,17180,2863.33,2,2.35,2.58261681,breadth,1,related,related,low,high,high,high,breadth,A,bread,related
dearth,dear,th,6,2,4,opaque,consonant,119.58,16,100.25,14395.67,194.25,2073.62,38,915.42,8.5,328094.82,41474.5,26438.08,3916.67,3753.67,296.5,29554,10.294,18,1.1,8.368,14023,4674.33,1,1,2.08127528,0.951884,0.290454004,1,4.64,5223.11,506.83,965.65,79.4,136.71,13.25,324878.68,36086.17,43210.12,3059.6,3143.12,311.75,377,5.932,1,1.85,7.874,18474,3694.8,1,1.85,7.16559332690214,dearth,7,related,related,low,high,high,high,dearth,B,dear,related
hearth,hear,th,6,2,4,opaque,consonant,183.476,18,99.16,15770.74,189.25,2589.34,38.33,1065.58,8.5,347667.71,39278.25,58367.26,3460,4361.3,436.5,90309,11.411,19,1,9.437,12703,4234.33,1,1,2.265939873,4.64044,0.751312984,4,38.91,5150.41,483.5,843.57,65,190.94,15,337927.27,34622,62367.63,2785.6,3446.94,381.75,419,6.038,4,1.7,8.064,17154,3430.8,1,1.6,3.01597326,hearth,2,related,related,low,high,high,high,hearth,A,hear,related
youth,you,th,5,2,3,opaque,consonant,6334.67,4,0.18,13540.51,48,6335.03,3,6334.67,1,173593.15,20286.33,25312.53,1668,8726.22,25,5030485,15.431,7,1.85,9.092,3809,1904.5,1,1.75,3.801792548,63.4788,1.809416946,3,112.48,8556.62,313.4,2807.14,36.5,511.5,6.33,231534.45,22295.6,48539.37,1728.25,5562.53,213.33,14084,9.553,3,1.8,8.918,8167,2041.75,1,1.8,2.101114701,youth,3,related,related,low,low,high,high,youth,A,you,related
career,car,eer,6,3,3,opaque,vowel,274.916,18,168.04,16318.28,66,1786.54,9,274.92,1,247106.5,34623.67,24278.37,4080.5,1746.11,403,86253,11.365,23,1,9.493,9885,4942.5,1,1,2.440776885,57.1725,1.764717728,3,3.55,10542.33,1091.17,2392.79,212.2,220.45,13.25,337798.64,45029.67,37365.36,5574.2,3045.98,294.75,26071,10.169,4,1.8,6.927,33100,6620,1,1.8,1.383097617,career,8,related,related,low,low,high,low,career,A,car,related
ratify,rat,ify,6,3,3,opaque,vowel,8.68594,25,31.46,16733.2,82,396.79,12,8.69,1,338956.24,39821.33,31075.74,6266,3496.27,1136,7399,8.909,28,1,8.755,14256,7128,1,1,0.986141774,0.713913,0.233988773,1,0,6541.8,619.33,741.77,61.8,172.65,12.5,249479.58,30797.83,20179.16,4385.8,3054.49,1077.75,449,6.107,1,2.15,6.791,24767,4953.4,2,1.9,4.214483273,ratify,9,related,related,low,high,high,high,ratify,A,rat,related
testify,test,ify,7,3,4,opaque,vowel,79.4228,12,71.19,23800.03,220.75,2807.76,27.33,471.48,5.5,392347.47,47697,34441.13,8653.33,3499.16,1368.5,124267,11.73,13,1.25,8.572,28784,9594.67,1,1.3,1.905379189,5.23536,0.794861533,1,1.13,7507.71,972.14,926.78,135.33,129.47,32,292771.24,36587.29,23677.95,5892.83,2295.93,815.6,2037,7.619,1,2.5,5.739,39295,6549.17,2,2.3,2.397120891,testify,14,related,related,low,high,high,high,testify,B,test,related
auditory,audit,ory,8,3,5,opaque,vowel,1.6063,1,1.78,6463.9,262.8,168.45,17.5,2.8,1.67,272742.51,33631.6,14213.51,2072.5,471.1,139.67,3286,8.097,1,1.95,7.643,9636,2409,2,1.9,0.416024404,0.356957,0.132566086,1,0.89,3213.85,722.12,411.98,74,64.1,10.83,251185.87,31236.88,20193.3,2217.29,893.64,252,682,6.525,1,2.85,6.756,18667,2666.71,2,2.75,3.138241562,auditory,13,related,related,low,high,high,high,auditory,B,audit,related
factory,fact,ory,7,3,4,opaque,vowel,448.635,5,118.96,18512.51,239.25,1679.26,18.33,693.95,2.5,246360.58,27650.25,9813.41,1585,2518.54,266.5,184510,12.125,5,1.55,8.455,5528,1842.67,1,1.55,2.65286011,39.2652,1.604929861,1,48.72,5621.23,837.29,689.34,81.33,227.68,13.8,233030.96,27476.86,18989.88,1997.67,1931.16,331.4,19414,9.874,1,2.55,7.042,14559,2426.5,2,2.5,1.65294457584216,factory,10,related,related,low,low,high,high,factory,A,fact,related
hickory,hick,ory,7,3,4,opaque,vowel,1.24935,13,14.43,11568.16,170.75,995.19,27,92.87,6,174476.49,22123.25,17772.92,2469.33,2474.04,287,431,6.066,14,1.3,8.477,8841,2947,1,1.2,0.352057037,1.13036,0.328452999,0,0,4485.37,645.71,625.53,75,77.9,11.8,191954.34,24318.57,16469.87,2080.33,1186.01,150.2,367,5.905,0,2.85,6.638,15221,2536.83,1,2.85,1.071864276,hickory,12,related,related,low,low,high,low,hickory,B,hick,related
pillory,pill,ory,7,3,4,opaque,vowel,13.8023,15,169.88,11388.27,206,2923.64,38.67,1248.4,7,181020.31,30828.25,13325.73,2420,2779.3,340,2805,7.939,16,1.15,7.994,8791,2930.33,1,1.1,1.170329202,0.416449,0.151200942,0,0,5025.33,780.86,751.22,114.67,186.88,20.6,195693.67,29292.86,16432.17,2447.83,1643.06,243.4,31,3.434,0,NA,NA,17931,2988.5,1,2.6,7.740224226,pillory,11,related,related,low,high,high,high,pillory,A,pill,related
boredom,bore,dom,7,3,4,transparent,consonant,28.497,16,169.13,20924.42,306,4791.76,41.67,1347,6.5,288403.9,36684.75,34216.7,4236.67,2651.8,281.5,3598,8.188,16,1.05,8.281,15116,5038.67,1,1,1.469777848,15.2301,1.210321196,0,0,4705.26,644,576.58,70.5,102.87,7.8,249410.51,30854.14,28174.51,3808,2047.34,314,1487,7.305,0,2.95,6.848,26708,4451.33,2,2.9,1.214370079,boredom,24,related,related,low,low,high,low,boredom,B,bore,related
freedom,free,dom,7,3,4,transparent,consonant,209.652,3,28.12,19283.89,207.5,1850.56,11.33,248.86,2,345076.65,43543.5,26668.46,3109,1731.92,234,244067,12.405,4,1.6,8.264,10827,3609,1,1.65,2.323565587,101.673,2.011456252,0,0,3419.01,474,407.4,59.5,129.69,11.4,281794.94,34773.43,24400.39,3244.17,1195.41,170.8,44824,10.71,0,2.8,6.895,22419,3736.5,2,2.85,1.155165857,freedom,26,related,related,low,low,high,low,freedom,B,free,related
kingdom,king,dom,7,3,4,transparent,consonant,91.7378,9,59.73,9153.42,160.5,1483.41,35,360.53,5.5,176823.5,27262.5,40168.17,7285.33,16554.1,3792.5,52583,10.87,13,1.5,8.433,24502,8167.33,1,1.45,1.967256789,28.973,1.476730214,0,0,2391.55,443.43,336.4,58.33,86.7,11.4,185650.28,25470,24492.92,4121,6727.7,1540.4,14254,9.565,0,2.9,6.865,28022,4670.33,2,2.9,1.332170744,kingdom,27,related,related,low,low,high,low,kingdom,B,king,related
serfdom,serf,dom,7,3,4,transparent,consonant,0.356957,3,15.23,12738.93,206.75,2397.8,19.33,0.39,1.5,280686.81,40392.5,31399.38,4896,1190.54,233.5,550,6.31,4,1.8,8.802,17399,5799.67,1,1.75,0.132566086,0.237971,0.092710471,0,0,5038.71,675.43,629.71,55.33,124.22,5.8,245000.74,32972.86,20103.24,2925.17,569.6,114,185,5.22,0,3.35,7.286,20911,3485.17,2,3.3,1.429893335,serfdom,31,related,related,low,low,high,low,serfdom,B,serf,related
stardom,star,dom,7,3,4,transparent,consonant,54.6738,8,23.79,10392.28,143,720.12,15,135.88,2.5,320148.88,42583.5,27159.81,4836,3239.38,558,81633,11.31,10,1.2,8.035,17142,5714,1,1.25,1.745650865,1.13036,0.328452999,0,0,3415.5,553.86,585.61,74.33,188.58,17.6,267550.5,34224.86,18932.59,3071.5,2003.41,371.4,170,5.136,0,3,7.215,21981,3663.5,2,3,5.314766085,stardom,22,related,related,low,high,high,high,stardom,A,star,related
boyhood,boy,hood,7,4,3,transparent,consonant,223.871,17,22.28,13783.03,70,335.75,8,223.87,1,156392.66,17657.33,4564.52,807.5,425.13,59,42823,10.665,20,1,8.508,1981,990.5,1,1,2.351933451,4.52145,0.742053144,0,0,4598.07,697.86,186.78,37.67,9.85,3.8,218078.16,21882.14,7671.71,1010.67,748.12,98.8,451,6.111,0,2.95,6.526,7393,1232.17,2,2.65,3.16949462,boyhood,18,related,related,low,high,high,high,boyhood,A,boy,related
manhood,man,hood,7,4,3,transparent,consonant,1024.11,21,191.65,13319.82,76,2695.8,10.5,1024.11,1,257072.56,31839.67,40220.63,4178,4661.14,661,188876,12.149,34,1,10.539,10779,5389.5,1,1,3.01077047,6.06826,0.849312516,0,0,4639.12,802.57,396.78,82.33,45.92,10.4,261226.69,27960.29,19590.42,2152.67,1597.49,225.2,831,6.723,0,2.9,6.04,16360,2726.67,2,2.85,3.5449500740138,manhood,23,related,related,low,high,high,high,manhood,A,man,related
duckling,duck,ling,8,4,4,transparent,consonant,9.8758,15,9.87,6287.51,162,1469.09,28.33,52.89,6,108023.35,16842.25,4885.31,1029,894.77,178,6829,8.829,16,1.35,7.934,3658,1219.33,1,1.15,1.036461213,0.297464,0.113095317,2,1.07,4183.97,1123.88,1680.08,461.86,934.64,254.83,159786.31,25086.25,21625.5,4161.29,5831.78,1460.67,83,4.419,2,2.35,6.028,33073,4724.71,2,1.8,9.164492672,duckling,21,related,related,low,high,high,high,duckling,A,duck,related
earthling,earth,ling,9,4,5,transparent,consonant,161.999,0,0,6392.76,367.8,1357.3,46.75,552.53,8.33,356571.85,39067,48746.4,2772,3731.51,379.33,61680,11.03,2,1.85,8.243,13597,3399.25,1,1.8,2.21218494,0.237971,0.092710471,0,0,3457.09,1119.44,1131.13,393.88,563.1,194.14,292117.38,36517.33,41444.89,4635,6305.62,1343.29,128,4.852,0,2.95,6.1,42960,5370,2,2.75,23.861219690479,earthling,29,related,related,low,high,high,high,earthling,B,earth,related
sapling,sap,ling,7,4,3,transparent,consonant,2.79616,22,72.2,13144.38,79.67,793.81,10.5,2.8,1,241361.15,36326.67,7462.98,1374,158.96,62,3702,8.217,24,1,8.536,3244,1622,1,1,0.579344509,0.713913,0.233988773,2,5.15,8095.49,1268.29,3463.16,419.83,1930.98,221.6,224325.8,34614.43,26571.55,4965.5,6736.77,1705.2,70,4.248,2,1.8,6.598,33759,5626.5,2,1.75,2.475950017,sapling,28,related,related,low,high,high,high,sapling,B,sap,related
seedling,seed,ling,8,4,4,transparent,consonant,28.616,20,66.25,18205.32,236.25,2735.75,39,636.51,8.5,368178,49750,27796.45,4082.33,2281.81,159.5,8215,9.014,20,1,8.507,13873,4624.33,1,1,1.471526401,0.594928,0.202741082,1,0.59,5371.41,1377.62,1802.77,470.29,941.72,256.67,289863.64,41540.12,31578.25,5531.14,6277.36,1462.67,161,5.081,1,1.95,7.512,43713,6244.71,2,1.85,7.258155965,seedling,15,related,related,low,high,high,high,seedling,A,seed,related
eleventh,eleven,th,8,2,6,transparent,consonant,40.0386,0,0,6392.1,685.67,523.02,66.6,81.86,6.75,343624.69,44049.17,25319.71,3624,3163.61,305,3145,8.054,0,2.3,7.695,21834,4366.8,1,2.15,1.613192537,4.69993,0.755869522,0,0,2599.16,531.5,443.9,63.14,111.51,14.17,337330.12,39364.25,40329.55,3540.43,4669.45,574.83,608,6.41,0,3.1,6.787,29694,4242,2,2.65,2.134220904,eleventh,19,related,related,low,low,high,high,eleventh,A,eleven,related
fourth,four,th,6,2,4,transparent,consonant,319.714,8,228.88,11532.09,190.25,1842.13,20,1235.22,5,194691.29,24754.75,24626.95,2201.67,3985.66,245.5,85200,11.353,9,1.4,8.274,7583,2527.67,1,1.35,2.506117918,45.274,1.665337042,0,0,4496.17,452.83,902.96,48.8,251.04,7.75,235943,24939.67,42123.44,2030.6,2481.73,198.5,15701,9.661,0,2.2,8.135,12034,2406.8,2,1.9,1.504871298,fourth,17,related,related,low,low,high,high,fourth,A,four,related
growth,grow,th,6,2,4,transparent,consonant,95.4264,7,15.2,6083.95,112.25,2189.67,17.67,103.37,3.5,185589.82,23575.75,13724.84,1970,1349.89,201,24803,10.119,8,1.55,8.435,7142,2380.67,1,1.45,1.984195953,121.841,2.089343343,0,0,3518.82,349.33,683.98,50.2,226.86,10,229875.35,24153.67,33564.19,1581.8,739.91,106.5,36594,10.508,0,2.35,7.312,9684,1936.8,2,2,0.949674432,growth,30,related,related,low,low,low,low,growth,B,grow,related
health,heal,th,6,2,4,transparent,consonant,4.75942,16,90.39,16046.54,203.5,2328.13,36.67,673.73,8,329452.59,36775.5,57777.19,3484,2428.14,297.5,4319,8.371,17,1.2,8.723,12578,4192.67,1,1.15,0.76037875,130.587,2.119212986,2,32.6,5181.74,489.83,828.82,52.8,337.74,9.5,325783.86,32953.5,60646.85,2602.4,1626.46,206,60950,11.018,2,1.85,8.201,15805,3161,1,1.8,0.35880242083473,health,32,related,related,low,low,low,low,health,B,heal,related
sixth,six,th,5,2,3,transparent,consonant,203.227,12,41,7089.2,55,385.45,6,203.23,1,192119.66,33582.33,7973.81,1397.5,320.67,19,43679,10.685,16,1.45,8.933,3267,1633.5,1,1.35,2.310113158,16.063,1.232055391,1,23.92,6549.99,348,713.94,23.25,32.21,2,242650.36,30273.2,35943.86,1243,167.33,13.33,4468,8.405,1,1.95,8.127,6007,1501.75,2,1.9,1.875007547,sixth,20,related,related,low,low,high,high,sixth,A,six,related
tenth,ten,th,5,2,3,transparent,consonant,219.647,21,43.93,27909.67,65,655.67,9.5,219.65,1,400064.28,46862,39107.11,6805,3379.07,618,39037,10.572,26,1,9.306,15746,7873,1,1,2.343698027,10.5302,1.061836841,3,30.3,8134.32,345.6,797.9,41.25,72.54,7,367417.13,38241,58480.64,5068.25,6247.1,949,2575,7.854,3,1.8,8.142,23606,5901.5,2,1.75,2.207211065,tenth,25,related,related,low,low,high,high,tenth,B,ten,related
warmth,warm,th,6,2,4,transparent,consonant,94.177,11,16.84,19032.15,225.75,1411.64,39,183.06,6,204929.83,25231.75,19039.81,2255,1530.36,230.5,21018,9.953,11,1.3,8.491,8367,2789,1,1.25,1.978532012,24.987,1.414756146,0,0,4908.74,506,733.05,61.8,61.47,6.5,242768.69,25257.67,36730.4,1749.4,777.67,115.75,2499,7.824,0,2.35,7.9,10889,2177.8,1,2.35,1.398496848,warmth,16,related,related,low,low,high,low,warmth,A,warm,related
marketeer,market,eer,9,3,6,transparent,vowel,132.55,2,25.11,9200.63,938.83,1356.04,132.6,320.7,19,278668.4,33793.5,15357.19,2369,958.03,193.75,98850,11.501,3,1.85,7.943,14836,2967.2,1,1.85,2.125643892,0.178478,0.071321479,0,0,2989.7,1027.56,241.65,133.25,21.49,14.71,328609.19,41007.56,23873.73,3989.5,871.46,218.29,64,4.159,0,NA,NA,38318,4789.75,2,2.9,29.803698577,marketeer,44,related,related,low,high,high,high,marketeer,B,market,related
musketeer,musket,eer,9,3,6,transparent,vowel,0.65442,0,0,7492.64,789.5,811.87,90.8,124.3,11.5,238160.32,31811.67,9262.76,1511.4,653.6,96,191,5.252,0,2,7.072,9139,1827.8,1,1.95,0.218645772,0,0,0,0,2889.87,928.67,184.98,93.62,12.56,11,301603.8,39686.33,20064.71,3453.5,697.5,162.43,87,4.466,0,3.75,5.933,32621,4077.63,2,3.1,218645772,musketeer,49,related,related,low,high,high,high,musketeer,B,musket,related
profiteer,profit,eer,9,3,6,transparent,vowel,36.945,0,0,4670.41,439.67,511.09,50.2,80.67,6.5,239508.49,30562.83,22584.97,2217.4,1510.76,269.5,19954,9.901,1,2.55,7.531,12913,2582.6,1,2.35,1.579154557,0.118986,0.048824653,0,0,3102.64,964.11,513,130.25,108.05,21.57,302502.58,38853.78,28391.09,3894.75,1443.8,270.57,33,3.497,0,3.5,7.044,36395,4549.38,2,2.8,32.343384492,profiteer,36,related,related,low,high,high,high,profiteer,A,profit,related
racketeer,racket,eer,9,3,6,transparent,vowel,11.7201,4,15.17,8404.67,873.33,1069.25,115.8,280.91,29.25,280988.42,35107.33,12236.31,2643.2,1555.11,396.5,671,6.509,4,1.7,7.125,15700,3140,1,1.7,1.104490526,0.0594928,0.02509801,0,0,2962.36,972.33,181.53,112.38,17.18,18.86,330155.87,41883.44,21923.18,4160.88,1212.65,334.14,17,2.833,0,3.55,6.137,39182,4897.75,2,2.75,44.0070938689126,racketeer,48,related,related,low,high,high,high,racketeer,B,racket,related
cashier,cash,ier,7,3,4,transparent,vowel,54.3169,13,38.56,14069.49,216,1654.49,33.67,304.93,7,251712.69,31944.75,20623.49,2748,892.81,243.5,39508,10.584,13,1.25,8.335,9593,3197.67,1,1.2,1.742857834,2.20123,0.505316878,2,0,8117.51,1420,1284.21,295.33,124.54,73.6,296637.55,39857.43,27919.3,4147.17,819.58,396.2,769,6.645,2,2.5,6.894,29267,4877.83,2,1.8,3.449039418,cashier,33,related,related,low,high,high,high,cashier,A,cash,related
clothier,cloth,ier,8,3,5,transparent,vowel,47.2967,2,1.25,6967.04,327.6,1187.94,49.25,158.71,9.67,249339.5,27181.6,39937.5,1726,2217.61,195.67,11191,9.323,2,1.85,7.424,8386,2096.5,1,1.75,1.683917457,0,0,0,0,4972.08,1258.88,704.83,215.86,115.08,55.5,289538.7,35891.38,37913.62,3363.29,2842.87,306.83,28,3.332,0,2.75,6.886,28060,4008.57,2,2.45,1683917457,clothier,50,related,related,low,high,high,high,clothier,B,cloth,related
courtier,court,ier,8,3,5,transparent,vowel,128.088,1,80.79,11480.82,390.2,3111.09,51.5,892.23,7.33,238551.71,30400.6,22535.84,2816.75,4057.07,286.33,57767,10.964,1,1.85,8.245,13092,3273,1,1.85,2.110885872,1.6063,0.416024404,0,0,5571.92,1380.38,1142.13,290.43,96.44,63.67,282796.33,37903.25,28294.02,4886.29,2597.58,433,30,3.401,0,2.55,6.87,39665,5666.43,2,2,5.073947217,courtier,46,related,related,low,high,high,high,courtier,B,court,related
frontier,front,ier,8,3,5,transparent,vowel,263.077,2,4.22,9125.86,339.2,1346.71,50,350.13,7.33,267953.37,31530,26343.12,3941,2820.77,281.33,77889,11.263,2,1.8,7.529,18748,4687,1,1.8,2.421730578,13.0884,1.148861674,1,0,5155.17,1261.38,1105.45,265.71,76.07,63.33,301172.37,38609.12,30469.61,5528.71,2254.17,484.33,4646,8.444,1,2.8,6.325,45321,6474.43,2,2.35,2.107939216,frontier,40,related,related,low,low,high,high,frontier,A,front,related
hotelier,hotel,ier,8,3,5,transparent,vowel,125.589,2,4.05,10101.43,452.8,1426.93,49.5,179.27,6,330268.89,35350.6,21681.35,3475.75,1225.59,201.67,20364,9.922,3,1.85,7.831,16469,4117.25,1,1.8,2.102395969,0.178478,0.071321479,1,0.06,5490.6,1343,717.74,248.57,42.18,56.67,340119.57,40997,26136.98,4781.14,1257.34,365.67,9,2.197,1,NA,NA,39548,5649.71,2,2.5,29.47773895,hotelier,43,related,related,low,high,high,high,hotelier,B,hotel,related
acidify,acid,ify,7,3,4,transparent,vowel,21.8933,3,6.84,6203.91,109.5,1079.06,8,21.89,1,242564.59,33521,10594.89,1797,481.42,169,13610,9.519,3,1.7,8.36,6276,2092,1,1.65,1.359708399,0,0,1,1.49,4821.8,715.86,272.02,56.33,15.67,10.6,207181.02,28486.71,8513.47,1636,477.14,155.8,39,3.664,1,NA,NA,11272,1878.67,2,2.7,1359708399,acidify,39,related,related,low,high,high,high,acidify,A,acid,related
classify,class,ify,8,3,5,transparent,vowel,203.287,8,19.65,9022.54,597,1261.1,50,379.27,10.33,239182.54,39120,15722.48,2623.5,1635.81,337,94260,11.454,10,1.5,7.849,12171,3042.75,1,1.45,2.310240731,1.6658,0.425827564,0,0,3614.13,924.88,244.33,85.14,37.35,17.83,209490.18,32615.38,12183.14,2044,1306.21,295.83,1700,7.438,0,2.75,6.628,16552,2364.57,2,2.65,5.425296343,classify,42,related,related,low,high,high,high,classify,B,class,related
fortify,fort,ify,7,3,4,transparent,vowel,23.7971,11,57.63,19628,263.75,2228.2,29.67,288.87,5,263262.16,29690,21043.72,2238,8267.95,530.5,8420,9.038,12,1.2,8.77,8232,2744,1,1.15,1.394400893,1.18986,0.340416351,1,0,7424.71,1009.57,977.64,128.17,163.83,28,219008.2,26297.57,16979.25,2685.17,3746.11,363.8,142,4.956,1,2.65,6.379,18743,3123.83,2,2.65,4.09616308,fortify,35,related,related,low,high,high,high,fortify,A,fort,related
humidify,humid,ify,8,3,5,transparent,vowel,3.03413,1,0,5607.88,269,287.93,25,109.66,4,187433.46,23039.2,6581.19,1343.5,326.2,97,646,6.471,1,2.2,7.582,6410,1602.5,1,1.95,0.605749889,0.237971,0.092710471,1,1.84,3472.56,803.62,234.45,57.43,25.85,12.17,177147.01,22564.88,6517.28,1399.86,400.25,122,22,3.091,1,3.3,5.858,11406,1629.43,2,2.95,6.533780661,humidify,41,related,related,low,high,high,high,humidify,A,humid,related
justify,just,ify,7,3,4,transparent,vowel,1236.44,8,123.79,11852.53,176.75,3334.55,28.33,1730.77,4.5,194825.52,27160.5,17286.73,3173.33,2518.72,205.5,1020539,13.836,10,1.55,8.012,10917,3639,1,1.55,3.09252415,16.42,1.241048151,0,0,5667.75,837.71,810.92,123.83,108.8,30.4,179901.55,24852.14,15100.75,3152.83,1903.76,350.4,10441,9.253,0,2.7,6.073,21428,3571.33,2,2.75,2.49186475562312,justify,45,related,related,low,high,high,high,justify,B,just,related
nullify,null,ify,7,3,4,transparent,vowel,0.356957,9,45.53,7252.43,162,2062.38,26,205.25,5.5,186175.53,29016.75,11782.35,1839,557.83,161,15410,9.643,11,1.55,8.139,6683,2227.67,1,1.55,0.132566086,0.713913,0.233988773,1,0.24,5092.34,799.43,669.57,101,161.34,31.8,174958.7,25912.86,10401.67,1923.67,757.63,228.8,363,5.894,1,2.8,5.763,13700,2283.33,2,2.7,0.566548915,nullify,47,related,related,low,low,low,low,nullify,B,null,related
solidify,solid,ify,8,3,5,transparent,vowel,46.5233,1,0,10275.92,456.2,355.77,33.25,73.43,4,245746.22,36620.4,13741.77,2386.25,907.01,214.33,24264,10.097,1,1.8,8.37,11710,2927.5,1,1.7,1.67690659,0.475942,0.169069291,1,1.73,4425.41,1046.5,411.5,76.57,86.14,14.33,213592.48,31053.12,10609.04,1995.71,690.65,180.67,215,5.371,1,2.85,6.056,16706,2386.57,2,2.75,9.91845751622358,solidify,34,related,related,low,high,high,high,solidify,A,solid,related
armory,arm,ory,6,3,3,transparent,vowel,111.132,5,894.28,15938.57,37.33,2326.11,3,111.13,1,242466.47,31996,18588.57,2862.5,1176.65,220,20427,9.925,7,1.45,8.723,7098,3549,1,1.35,2.049729568,0,0,0,0,5335.56,451,775.82,42,69.34,3.5,228862.3,29620.83,18852.41,2458,1397.72,169,1170,7.065,0,2.35,7.244,15221,3044.2,2,2.55,2049729568,armory,38,related,related,low,high,high,high,armory,A,arm,related
directory,direct,ory,9,3,6,transparent,vowel,94.2365,1,0.3,5853.61,539.83,675.87,48.6,212.52,6,290808.77,38876,20637.48,3114.8,2212.83,387.5,54882,10.913,1,2,7.536,17866,3573.2,1,1.9,1.978803426,3.98601,0.697753145,1,24.21,3056.92,814,554.87,115.12,163.27,26.43,265625.22,34999.22,23460.8,2850.62,1924.29,382,78935,11.276,1,2.7,7.626,26897,3362.13,2,2.7,2.835964893,directory,37,related,related,low,high,high,high,directory,A,direct,related
imply,imp,ly,5,2,3,opaque,consonant,1.01138,1,0.12,784.67,25.67,1.07,1.5,1.01,1,162240.48,26454.33,8664.88,1462,1877.17,425,5825,8.67,1,1.85,8.514,3314,1657,1,1.75,0.303494127,12.1365,1.11847967,1,2.02,4204.53,210.4,343.7,21.25,47.53,3.33,147301.88,23555.4,10619.86,1930,1406.11,223,8977,9.102,1,1.8,7.384,8598,2149.5,1,1.8,0.271345233059672,imply,52,related,related,high,low,low,low,imply,B,imp,related
witness,wit,ness,7,4,3,opaque,consonant,11.0062,12,59.21,16478.67,62.67,334.26,6.5,11.01,1,263311.45,30517,26083.33,2159.5,8277.58,114,4144,8.329,15,1.1,8.933,5033,2516.5,1,1,1.079405574,23.7376,1.393357563,3,3.45,6453.43,1084.57,682.01,95.33,302.6,27,303627.48,42236.43,20556.06,4004.5,3371.93,854.8,8308,9.025,3,2,6.135,26871,4478.5,1,1.85,0.774679524,witness,51,related,related,high,low,low,low,witness,A,wit,related
heathen,heath,en,7,2,5,opaque,vowel,13.6238,2,117.2,7353.66,359.6,1806.01,54,410.66,8.67,356932.74,33674.6,78470.97,3724.5,2779.98,368,2616,7.869,2,#,#,17420,4355,1,1.6,1.165060239,2.55819,0.551229135,1,4.64,8162.33,1112,1503.3,125.33,486.9,21.8,370381.16,38676.71,79259.07,3969.67,19718.25,364.2,699,6.55,1,2.25,6.708,28176,4696,1,1.9,2.113567957,heathen,56,related,related,high,low,high,high,heathen,A,heath,related
listen,list,en,6,2,4,opaque,vowel,74.6634,12,80.07,17501.63,216,3494.13,32.33,92.24,3.5,282845.18,41707.5,29254.19,5412.67,2866.12,941,317096,12.667,17,1.3,8.709,18845,6281.67,1,1.3,1.878885853,75.4368,1.883302497,1,18.15,8338.51,831.17,1596.62,127.2,306.11,22.75,323230.85,44865.67,33195.36,5969.6,3199.16,859.75,33915,10.432,2,1.85,7.035,34591,6918.2,1,1.85,0.99765484,listen,53,related,related,high,low,low,low,listen,A,list,related
pollen,poll,en,6,2,4,opaque,vowel,8.38848,13,14.91,12174.94,244.5,2508.34,40.67,45.07,5.5,185445.31,27058.75,13808.37,2350,1372.65,285.5,7921,8.977,15,1.3,8.264,8766,2922,1,1.25,0.972595285,5.88978,0.838205355,1,1.78,8598.1,895,1241.02,119,421.52,23,258297.61,35099.83,22644.96,3721.6,1526.6,345,868,6.766,2,1.95,7.068,22584,4516.8,1,1.95,1.160330554,pollen,63,related,related,high,low,high,low,pollen,B,poll,related
hunger,hung,er,6,2,4,opaque,vowel,58.6004,9,10.11,7138.45,167.75,641.01,28.33,86.95,5,183335.25,21615.25,17301.48,3675.33,719.51,106.5,8535,9.052,11,1.55,7.82,12489,4163,1,1.45,1.775249174,25.2249,1.418713841,2,6.34,7474.71,840.67,1821.64,192,298.19,24,249587.85,31549,25919.94,4808.2,1394.12,254.25,3114,8.044,4,1.85,7.115,27972,5594.4,1,1.8,1.251308841,hunger,62,related,related,high,low,high,low,hunger,B,hung,related
flower,flow,er,6,2,4,opaque,vowel,41.9424,8,21.36,6870.18,111,736.94,21,113.45,4,170079.92,18866.5,9704.71,1465,1343.91,212,21063,9.955,11,1.4,7.936,5246,1748.67,1,1.45,1.632886313,27.9616,1.461822551,4,5.61,7789.52,766.33,1716.41,166.2,180.03,13,240750.97,29716.5,21795.69,3242.2,2374.92,203.5,6288,8.746,4,1.65,7.01,19389,3877.8,1,1.65,1.11702088,flower,59,related,related,high,low,high,low,flower,B,flow,related
limber,limb,er,6,2,4,opaque,vowel,7.91254,6,6.24,9948.8,152.5,1791.17,19.33,18.86,3.5,161122.03,25769.5,11300.29,2403.67,383.1,118.5,2127,7.662,6,1.65,8.082,8421,2807,1,1.5,0.950001492,0.773406,0.248808173,4,5.27,7922.77,807.33,2019.61,169.4,238.34,13.75,234779.04,34318.5,24121.75,3946.6,1004.65,195.5,103,4.635,4,1.9,6.587,23496,4699.2,1,1.7,3.818208529,limber,61,related,related,high,high,high,high,limber,B,limb,related
mister,mist,er,6,2,4,opaque,vowel,13.8023,11,223.41,18037.09,211.25,2660.3,29.33,182.11,3.5,266015.1,38057,25703.68,4548,2735.21,963,3266,8.091,14,1.3,8.473,15826,5275.33,1,1.25,1.170329202,7.02015,0.904182491,4,35.12,8902.68,904.83,2436.62,230,623.44,45,304707.75,42510.17,35177.02,6440.2,4773.61,1257.5,2183,7.688,6,1.65,6.891,37522,7504.4,1,1.6,1.294350656,mister,57,related,related,high,low,high,low,mister,A,mist,related
banish,ban,ish,6,3,3,opaque,vowel,13.6833,19,191.36,14525.68,78.33,1806.71,9,13.68,1,244934.01,30455.67,34869.07,3563.5,756.09,195,11740,9.371,27,1,9.707,9049,4524.5,1,1,1.166823672,2.14174,0.497170241,2,8.33,6298.85,620.17,577.85,92.8,97.02,17.75,258109.87,33837.33,25364.37,3354.8,1437.18,419,315,5.753,2,1.9,6.37,20452,4090.4,1,1.9,2.346929831,banish,55,related,related,high,low,high,high,banish,A,ban,related
vanish,van,ish,6,3,3,opaque,vowel,56.3396,11,287.94,12189.66,69.33,1640.01,6.5,56.34,1,236543.47,28802.67,33609.32,3254.5,568.27,130,45556,10.727,18,1.4,8.949,8284,4142,1,1.25,1.758454659,6.18725,0.856562752,2,6.31,5483.46,554.5,530.52,77.8,88.72,14.5,253914.6,33010.83,24860.47,3231.2,1390.23,402.75,1396,7.241,2,1.85,6.07,19687,3937.4,1,1.85,2.052919827,vanish,64,related,related,high,low,high,high,vanish,B,van,related
pastor,past,or,6,2,4,opaque,vowel,273.786,17,98.99,17621.87,265.25,3327.11,39,826.8,6.5,279067.98,36800.5,25114.12,3686,2087.27,412,89390,11.401,18,1.1,8.402,12765,4255,1,1,2.438994602,3.62906,0.66549281,0,0,6784.63,652,714.04,81,192.55,15.5,280382.97,36645.5,30364.84,3492.8,2267.33,521.5,2086,7.643,1,1.9,7.084,20777,4155.4,1,1.95,3.66494507782143,pastor,54,related,related,high,high,high,high,pastor,A,past,related
raptor,rapt,or,6,2,4,opaque,vowel,2.14174,4,4.95,15275,234.25,296.45,17,10.05,2,273861.25,33922.75,8473.02,2384,467.02,235,132,4.883,6,1.7,8.101,8294,2764.67,1,1.65,0.497170241,0,0,1,0.36,5955.85,600.17,431.74,47.8,74.4,6.75,276911.82,34727,20380.18,2711.6,925.42,333.25,NA,NA,NA,NA,NA,NA,NA,NA,1.95,497170241,raptor,58,related,related,high,high,high,high,raptor,A,rapt,related
traitor,trait,or,7,2,5,opaque,vowel,3.2721,3,31.91,10600.58,358.2,1035.38,54.5,196.37,8.33,342896.63,41215.2,20158.74,3260.5,1929.41,457,2083,7.642,3,1.75,7.873,15143,3785.75,1,1.75,0.63064141,6.18725,0.856562752,1,7.26,4825.72,711.57,462.5,79.5,88.08,16.6,325787.01,39821,26186.13,3241.33,1762.21,465.8,1190,7.082,1,2.45,6.858,23155,3859.17,2,2.35,0.736246594649674,traitor,60,related,related,high,low,low,low,traitor,B,trait,related
helpless,help,less,8,4,4,transparent,consonant,375.221,7,47.94,12049.61,184.75,1899.11,19.67,536.54,3.5,253651.59,30361.5,44941.21,1956,931,84.5,335483,12.723,7,1.55,8.646,7440,2480,1,1.5,2.575443033,19.3351,1.308246312,0,0,3590.22,1219.62,536.63,186.57,203.04,56.67,279173.21,39501,31133.29,3981.29,2358.88,664,2657,7.885,0,2.7,6.21,31995,4570.71,2,2.7,1.968622428,helpless,65,related,related,high,low,high,high,helpless,A,help,related
stainless,stain,less,9,4,5,transparent,consonant,7.3771,6,14.16,8123,342,1814.98,44.75,719.01,13,325967.96,43651,35326.88,6006.75,4093.16,496,1776,7.482,6,1.55,8.368,27469,6867.25,1,1.6,0.9230937,2.37971,0.528879437,0,0,2663.29,1065.78,277.45,178.88,94.65,65.43,316513.23,45868.56,27357.93,5621.12,3106.24,724.43,2966,7.995,0,2.7,5.374,50855,6356.88,2,2.4,1.7453764197957,stainless,81,related,related,high,low,high,high,stainless,B,stain,related
thankless,thank,less,9,4,5,transparent,consonant,69.4875,3,267.28,11851.94,306.2,3472.52,46.25,100.11,8.33,267305.54,27293.8,57937.06,2530.25,6097.57,223.33,95706,11.469,5,1.7,8.281,12976,3244,1,1.65,1.848112108,0.65442,0.218645772,0,0,1943.55,912.44,223.44,163.5,61.77,59.71,283923,36781.22,38384.61,3889.88,3942.89,625.43,149,5.004,0,2.9,5.668,36431,4553.88,2,2.9,8.452539844,thankless,72,related,related,high,high,high,high,thankless,A,thank,related
worthless,worth,less,9,4,5,transparent,consonant,99.1149,2,94.12,10520.7,371,2647.61,43.25,775.09,9.67,259047.73,25645.8,45908.72,2072.25,2761.04,335,81429,11.307,2,1.8,8.748,10313,2578.25,1,1.8,2.000498718,5.17587,0.790698146,0,0,2604.96,1081.44,257.14,184,82.41,68.57,279335.33,35865.67,32351.8,3654.62,2497.68,657.57,5546,8.621,0,3,5.676,33716,4214.5,2,2.65,2.530040984,worthless,71,related,related,high,high,high,high,worthless,A,worth,related
toothless,tooth,less,9,NA,5,transparent,consonant,13.5643,3,3.09,11466.97,398.6,923.42,53.25,71.65,8,335066.64,31093,47946.89,1853.5,2510.36,192.33,3129,8.048,3,1.85,7.783,9128,2282,1,NA,1.163289616,1.84428,0.453972347,0,0,2525.13,1057.33,165.94,167.12,68.48,63.57,321568.06,38891.89,33370.89,3545.25,2390.24,596.43,160,5.075,0,3,5.714,32531,4066.38,2,2.75,2.562468003,toothless,73,related,related,high,high,high,high,toothless,A,tooth,related
deathlike,death,like,9,4,5,transparent,consonant,233.152,2,19.19,7176.54,371.6,1708.54,56.25,274.48,7,341274.43,35431.6,54524.09,4067,2374.89,274.67,77796,11.262,2,1.85,8.289,18740,4685,1,1.8,2.369497872,0,0,0,0,3135.78,944.89,291.88,114.75,6.6,10.14,303806.68,35938.56,31493.25,2874.5,1746.01,150,10,2.303,0,NA,NA,26827,3353.38,2,3.75,2369497872,deathlike,78,related,related,high,high,high,high,deathlike,B,death,related
waiflike,waif,like,8,4,4,transparent,consonant,0.773406,3,41.15,15893.66,202,1876.32,24.67,62.5,2.5,218590.13,25769.75,13239.11,1139.33,222.89,31,263,5.572,3,1.9,8.473,3999,1333,1,1.8,0.248808173,0,0,0,0,3343.24,947,208.9,91.86,13.04,6.5,237781.07,31171,10788.42,1544.71,959.36,59,NA,NA,NA,NA,NA,NA,NA,NA,3,248808173,waiflike,79,related,related,high,high,high,high,waiflike,B,waif,related
warlike,war,like,7,4,3,transparent,consonant,340.12,16,821.5,21462.4,62.67,6912.14,9,340.12,1,239000.06,28727,26442.37,2931,1884.08,241,109438,11.603,17,1,9.374,7281,3640.5,1,1,2.532907183,1.6063,0.416024404,0,0,6800.23,1008.43,845.82,113,105.27,12.6,249269.74,33210,14916.45,2144.5,1714.33,126.2,178,5.182,0,2.65,6.846,15723,2620.5,2,2.75,6.088362011,warlike,82,related,related,high,high,high,high,warlike,B,war,related
chiefly,chief,ly,7,2,5,transparent,consonant,105.54,1,6.43,12148.24,408.4,2175.19,40.25,310.93,8.33,256578.01,30951.4,15762.87,2280,1159.2,271,19007,9.853,2,1.85,6.96,10799,2699.75,1,1.85,2.027512692,11.3036,1.090032203,0,0,4548.46,596.14,687.21,92.33,54.9,9.8,218954.01,27595.86,13703.88,2255,762.29,183,598,6.394,0,2.8,6.523,15634,2605.67,2,2.75,1.860048432,chiefly,66,related,related,high,low,high,high,chiefly,A,chief,related
deadly,dead,ly,6,2,4,transparent,consonant,190.079,10,119.53,15760.53,214.75,2059.16,35.33,785.01,5.5,308973.04,36930.25,20734.51,2871.67,2318.67,230,72864,11.196,10,1.4,8.678,10005,3335,1,1.4,2.28121296,13.6833,1.166823672,1,3.51,6884.4,612,1459.57,106,114.26,10.75,247613.35,31022.5,16101.65,2567.4,1375.67,178.75,5362,8.587,1,1.95,7.717,14614,2922.8,2,1.95,1.95506228814746,deadly,69,related,related,high,low,high,high,deadly,A,dead,related
greatly,great,ly,7,2,5,transparent,consonant,639.726,3,15.27,8767.35,305.4,1607.14,45.5,912.1,9.67,324433.67,39926.2,33401.86,4619.25,4254.43,431.33,260267,12.469,4,1.85,8.211,21086,5271.5,1,1.85,2.806672348,40.3361,1.616329499,0,0,4594.8,651.29,998.18,131.17,310.43,21.8,267422.33,34006.43,25741.37,3806,2947.3,322.8,35739,10.484,0,2.5,6.995,25869,4311.5,2,2.4,1.736448136,greatly,75,related,related,high,low,high,high,greatly,B,great,related
highly,high,ly,6,2,4,transparent,consonant,369.866,2,7.05,11577.41,145.75,487.38,10,376.92,2,219712.05,22469.25,15988.6,1395,2991.44,276.5,185510,12.131,3,1.75,8.783,4930,1643.33,1,1.8,2.56921702,93.8796,1.977172845,0,0,5038.56,449,1008.41,56.4,224.81,5.5,188106.03,21381.83,13037.12,1585.6,1594.9,165,40740,10.615,0,2.35,7.472,9062,1812.4,2,2.2,1.2994397658241,highly,80,related,related,high,low,high,low,highly,B,high,related
strongly,strong,ly,8,2,6,transparent,consonant,167.948,3,9.8,6617.06,525.17,1725.78,111.8,354.68,14.25,265445.47,36224.33,30270.55,5579,2397.72,470.25,69234,11.145,4,1.85,7.866,32147,6429.4,1,1.85,2.227753055,42.3588,1.637077254,0,0,3064.04,728,717.19,121.43,162.12,17.67,230307.6,31970,24305.84,4619,1804.81,433.17,19522,9.879,0,2.65,6.429,37047,5292.43,2,2.6,1.360811195,strongly,67,related,related,high,low,high,low,strongly,A,strong,related
deafness,deaf,ness,8,4,4,transparent,consonant,9.51884,6,83.77,12922.69,187.5,1606.9,30.33,260.82,3.5,291078.41,33601.5,16385.87,2452.67,728.52,76,6119,8.719,6,1.75,8.483,8511,2837,1,1.65,1.021967849,2.08225,0.488867861,1,0.06,3745.23,1252.75,649.49,213.29,229.92,64,312471.46,42313.75,17153.72,3849.71,1635.62,701.5,549,6.308,2,NA,NA,30222,4317.43,2,2.15,2.090478693,deafness,68,related,related,high,low,high,high,deafness,A,deaf,related
calmness,calm,ness,8,4,4,transparent,consonant,41.288,5,52.12,13644.47,231.5,1336.51,25.67,171.58,3.5,192794.55,27151.5,15877.68,2801,2023.26,505,6300,8.748,5,1.75,8.46,10013,3337.67,1,1.65,1.626217146,1.01138,0.303494127,0,0,3623.93,1271,498.09,196.57,229.98,66,263329.53,39088.75,16971.87,4017,2076.42,849.83,158,5.063,0,2.75,5.141,31856,4550.86,2,2.55,5.358315025,calmness,77,related,related,high,high,high,high,calmness,B,calm,related
illness,ill,ness,7,4,3,transparent,consonant,56.5181,2,1755.27,3288.12,17.33,1811.79,2,56.52,1,215168.31,35695.33,17975.36,2808.5,5274.69,574,11082,9.313,3,1.3,8.374,6966,3483,1,1.2,1.759804532,35.3982,1.561079907,0,0,5367.83,993.29,412.33,74.67,187.71,24.8,282994.71,44455.71,17833.02,4219.33,2757.41,947.4,5875,8.678,0,2.65,5.864,28798,4799.67,2,2.35,1.127299457,illness,76,related,related,high,low,high,low,illness,B,ill,related
sickness,sick,ness,8,4,4,transparent,consonant,70.6179,15,12.93,11996.14,200,1099.7,28.33,127.55,6,179232.1,31741.5,13078.67,2707.67,992.04,267.5,22109,10.004,16,1.15,8.198,9610,3203.33,1,1.05,1.855021582,16.4795,1.242529006,0,0,3516.1,1223.75,477.72,185.86,252.32,68.5,256548.31,41383.75,16126.35,3983.86,1855.22,777.83,1765,7.476,0,2.85,5.757,31526,4503.71,2,2.2,1.492940263,sickness,70,related,related,high,low,high,low,sickness,A,sick,related
weakness,weak,ness,8,4,4,transparent,consonant,47.9512,8,44.12,19079.11,205,3326.26,31.67,100.96,4.5,256630.7,28843.25,14722.99,1347.33,742.02,148.5,17123,9.748,8,1.6,8.641,4780,1593.33,1,1.5,1.689763343,21.8338,1.358578193,0,0,3533.18,1209.75,547.61,183.57,254.5,64.83,295247.61,39934.62,16831.06,3400.86,1763.29,733.5,5396,8.593,0,2.5,5.979,26696,3813.71,2,2.25,1.243773344,weakness,74,related,related,high,low,high,low,weakness,B,weak,related
drunken,drunk,en,7,2,5,transparent,vowel,38.4918,3,60.29,6538.18,272,1076.24,40.25,70.56,7.33,169014.45,24597.8,5798.6,1236.25,337.36,94.67,7265,8.891,4,1.75,7.471,6006,1501.5,1,1.75,1.596506929,8.21,0.96425963,1,0.42,5310.57,909.14,532.95,81.83,30.07,12.6,236153.81,32193.29,13134.43,2083.67,398.61,107.2,1583,7.367,1,2.6,6.461,15019,2503.17,2,2.5,1.65568160034276,drunken,95,related,related,high,low,high,high,drunken,B,drunk,related
flaxen,flax,en,6,2,4,transparent,vowel,2.20123,9,16.7,8848.43,122.25,303.79,18,74.34,4.5,163465.07,20146.25,5683.72,1509.67,301.84,134,342,5.835,9,1.5,7.986,5384,1794.67,1,1.5,0.505316878,0.118986,0.048824653,0,0,6702.25,724.33,447.86,62.2,12.7,7,243644.11,30491.5,12477.78,2166.8,171.04,78,35,3.555,0,2.25,7.031,12836,2567.2,2,2,10.349625376,flaxen,98,related,related,high,high,high,high,flaxen,B,flax,related
fasten,fast,en,6,2,4,transparent,vowel,102.982,13,126.59,19444.24,251,3291.77,35,691.57,6,283132.47,34710.5,23992.36,3305,1812.54,356.5,77003,11.252,13,1.3,8.565,11431,3810.33,1,1.2,2.016958166,2.85565,0.586097604,4,10.26,8914.51,922.17,1505.21,133,300.83,26.25,323422.38,40201,30038.26,4705,2672.37,567.5,491,6.196,4,1.8,7.274,27177,5435.4,2,1.75,3.441334939,fasten,91,related,related,high,high,high,high,fasten,A,fast,related
freshen,fresh,en,7,2,5,transparent,vowel,73.8305,1,55.21,8409.13,278,1133.13,35.25,179.13,5.33,273490.32,34793.4,28650.57,5486,2528.98,528.33,15597,9.655,1,1.95,7.83,24435,6108.75,1,1.9,1.874078647,0.475942,0.169069291,2,0.3,5995.43,938.86,1054.35,112.5,154.68,21.2,310779.43,39475.86,46045.47,5144,3602.54,440.2,103,4.635,2,2.65,6.798,35191,5865.17,2,2.5,11.084677914,freshen,86,related,related,high,high,high,high,freshen,A,fresh,related
soften,soft,en,6,2,4,transparent,vowel,81.0886,5,50.4,16943.16,251.75,1230.45,17.33,93.14,2,268468.89,32567.75,16672.85,606.67,387.18,35,22233,10.009,5,1.65,8.367,2344,781.333,1,1.6,1.914282849,4.04551,0.702905071,1,3.75,9621.57,939.5,1134.48,98.8,70.99,9.5,313646.66,38772.5,25646.56,3086,1548.98,193,791,6.673,1,2,7.262,18090,3618,2,1.85,2.723387446,soften,90,related,related,high,high,high,high,soften,A,soft,related
drawer,draw,er,6,2,4,transparent,vowel,58.7194,6,14.43,9096.59,136.25,199.34,18.67,71.78,3.5,220853.25,26840.75,7659.32,2080,532.64,132.5,26592,10.188,6,1.55,8.177,7344,2448,1,1.5,1.776115436,16.0036,1.23054088,1,0.77,7487.14,834.67,1628.69,171.4,81.42,9.25,274599.85,35032.67,20568.45,3611.2,1502.64,117.25,2480,7.816,1,1.9,6.284,21487,4297.4,1,1.9,1.44336158466888,drawer,92,related,related,high,low,high,low,drawer,B,draw,related
hunter,hunt,er,6,2,4,transparent,vowel,22.9642,9,19.11,13714.08,214,979.85,27.67,71.3,4.5,260378.99,26997.5,14908.94,2569.67,1396.74,229.5,15346,9.639,11,1.35,8.083,9149,3049.67,1,1.3,1.379562935,11.8391,1.108534581,3,11.42,8201.14,883.67,2327.3,213,503.19,33,300950.35,35137.17,28700.17,5253.2,4103.93,889.25,12844,9.461,5,1.75,6.698,30845,6169,2,1.75,1.244492465,hunter,99,related,related,high,low,high,low,hunter,B,hunt,related
prayer,pray,er,6,2,4,transparent,vowel,15.1707,8,39.37,10997.18,161,525.22,22.33,30.19,4,195751.27,26633.75,12533.24,2675.67,346.04,103.5,9582,9.168,10,1.45,8.084,9332,3110.67,1,1.35,1.20872882,20.5845,1.334141993,2,19.54,7951.39,853.17,1724.58,173,101.52,8.5,257865.2,34894.67,21375.02,3866,344.81,85.75,10237,9.234,3,1.75,7.344,22861,4572.2,1,1.7,0.90599713181654,prayer,88,related,related,high,low,low,low,prayer,A,pray,related
bookish,book,ish,7,3,4,transparent,vowel,252.249,14,84.99,12950.6,239,2554.54,35,846.02,7,185922.96,20573.75,7347.75,1120.33,1735.08,198.5,190905,12.16,15,1.2,8.004,4049,1349.67,1,1.15,2.403547739,1.6063,0.416024404,1,0.3,6252.48,888.86,679.01,117,302.77,30,222507,27707.43,12365.29,1892.5,1293.05,230.2,61,4.111,1,2.5,6.496,13437,2239.5,2,2.35,5.777420051,bookish,94,related,related,high,high,high,high,bookish,B,book,related
foolish,fool,ish,7,3,4,transparent,vowel,37.4804,10,51.54,13942.81,222.75,1932.62,30.67,286.01,4,227781.43,25959.75,12101.13,1559.67,711.03,115.5,13690,9.524,10,1.45,8.303,5769,1923,1,1.45,1.585239578,20.525,1.33294316,1,0,6328.36,902.43,865.38,125.33,214.88,27.6,246426.13,30785.14,17360.92,2769.67,1398.09,342.4,5757,8.658,1,2.6,6.432,19771,3295.17,2,2.3,1.18927770094167,foolish,96,related,related,high,low,high,low,foolish,B,fool,related
freakish,freak,ish,8,3,5,transparent,vowel,5.35435,3,35.44,7140.47,277.4,1199.76,38.25,493.41,10,254387.42,31532,23564.5,2766.5,2866.96,341.67,4223,8.348,3,1.75,8.123,12827,3206.75,1,1.75,0.803071132,0.713913,0.233988773,0,0,3439.96,903.12,464.84,119.71,123.9,31,260724.29,33664.62,20915.21,2722.86,1983.19,307.33,115,4.745,0,2.9,6.067,22215,3173.57,2,2.7,3.432092567,freakish,97,related,related,high,high,high,high,freakish,B,freak,related
greenish,green,ish,8,3,5,transparent,vowel,154.027,4,18.62,10259.43,418,1708.68,49.25,494.11,8.67,331240.8,44378,30831.63,3996.75,3116.55,236,90773,11.416,5,1.75,8.137,18717,4679.25,1,1.75,2.190407343,2.73667,0.572484745,0,0,3875.66,958.75,502.67,140.14,53.95,26.33,308757.64,41693.38,25772.89,3662,2285.53,345.17,254,5.537,0,2.8,5.412,30120,4302.86,2,2.75,3.826140973,greenish,93,related,related,high,high,high,high,greenish,B,green,related
selfish,self,ish,7,3,4,transparent,vowel,38.9083,4,13.15,12135.26,202,1520.08,21.33,65.03,2.5,262471.69,37889.75,15773,2151.67,2032.93,104.5,29333,10.286,4,1.8,8.772,7881,2627,1,1.7,1.601063228,12.196,1.120442307,0,0,6818.29,944.14,673.89,92.83,176.05,21.4,266249.14,37602.29,17236.81,2482.33,1387.73,203.2,4364,8.381,0,2.75,6.36,17708,2951.33,2,2.55,1.428956419,selfish,85,related,related,high,low,high,low,selfish,A,self,related
debtor,debt,or,6,2,4,transparent,vowel,26.1768,3,1.05,14230.05,193,293.42,9.33,26.21,1.5,286547.73,33368,7345.79,1582,84.36,48,14192,9.56,4,1.75,8.655,5496,1832,1,1.65,1.434198318,0.951884,0.290454004,0,0,6160.25,544.83,448.19,49,84.81,7.25,285369.48,34357.17,19703.84,2230.4,723.1,230.75,309,5.733,0,2.4,7.297,13508,2701.6,2,2.25,4.937781175,debtor,87,related,related,high,high,high,high,debtor,A,debt,related
professor,profess,or,9,2,7,transparent,vowel,0.951884,2,76.63,6369.58,1083.14,1000.92,117.67,351.58,30.4,255453.76,37425.57,20281.4,3718.33,2423.5,685.4,766,6.641,2,2.15,7.626,24842,4140.33,1,1.9,0.290454004,74.9609,1.880590102,0,0,2183.24,589.11,537.65,91.62,206.59,28.71,261578.03,37183.33,21576.75,3458.38,1890.49,529.43,18143,9.806,1,2.55,6.918,31581,3947.63,2,2.7,0.154448332,professor,89,related,related,high,low,low,low,professor,A,profess,related
sailor,sail,or,6,2,4,transparent,vowel,8.21,13,235.76,14690.67,253.25,2939.86,28.33,1518.11,7,280243.15,42622.75,12165.98,1751,2016.09,172.5,3552,8.175,15,1.15,8.259,6376,2125.33,1,1.2,0.96425963,5.88978,0.838205355,2,1.43,7043.42,713.5,464.65,56,40.78,6.5,281166.42,40527,17419.32,2371,1182.37,140.25,6240,8.739,2,1.9,6.276,14497,2899.4,2,2.1,1.15038590853385,sailor,100,related,related,high,low,high,low,sailor,B,sail,related
sculptor,sculpt,or,8,2,6,transparent,vowel,0,0,0,4343.02,406.17,190,23.6,0.95,3.25,189845.88,29296.17,4627.74,1081,468.48,131.5,171,5.142,0,2.7,6.893,6212,1242.4,1,2.45,0,3.62906,0.66549281,0,0,2377.51,602.25,117.39,44,25.19,9.83,213137.65,31056,14231.51,1687.29,773.59,231.5,624,6.436,0,2.95,6.581,14224,2032,2,2.7,0,sculptor,84,related,related,high,low,low,low,sculptor,A,sculpt,related
tractor,tract,or,7,2,5,transparent,vowel,3.45058,4,18.7,10810.9,350,1012.67,52,175.4,9.33,305139.28,36063,13211.32,3019.5,2924.03,619.67,1675,7.424,4,1.75,7.893,14015,3503.75,1,1.7,0.648416612,7.25812,0.916881189,1,6.19,4460.64,677.86,387.39,79.67,103.46,16.4,298817.47,36140.86,21554.52,3080.67,2493.02,569.6,1609,7.383,1,2.1,6.9,22027,3671.17,2,2.1,0.707198074,tractor,83,related,related,high,low,low,low,tractor,A,tract,related